,,,
Context,Question ,Answer,Theme
"The dataset contains information about tasks completed by different participants in the claim process. This includes details like processing time, applications used, and number of keystrokes.",Who is the most productive participant based on the number of tasks completed?,The participant with the most tasks completed is John.,Productivity
The processing time refers to the time spent by a participant on a particular task. This could potentially be an indicator of the participant's efficiency.,Who has the shortest average processing time?,The participant with the shortest average processing time is Mary.,Productivity
The dataset includes the number of keystrokes made by the participants during each task.,Who uses the least number of keystrokes on average?,The participant with the least average number of keystrokes is Steve.,Productivity
The 'applications' field lists the applications used by a participant for a task. The use of multiple applications may indicate multitasking ability or complexity of the task.,Which participant uses the most applications on average?,John uses the most applications on average.,Productivity
"The 'turnaround_time' field refers to the total time taken for a task, including both processing and wait times.",Which participant has the shortest average turnaround time?,The participant with the shortest average turnaround time is Mary.,Productivity
The 'start_time' field refers to the time when a participant begins a task. This could potentially indicate the participant's work schedule.,Who typically starts tasks earliest in the day?,John typically starts tasks earliest in the day.,Productivity
The dataset includes information on the types of claims processed by participants.,Which participant has processed the most home_claim cases?,John has processed the most home_claim cases.,Productivity
The 'process_variant' field might indicate the complexity of the task being performed.,"Which participant handles the most complex tasks, based on process variant?",Steve handles the most complex tasks.,Productivity
The dataset includes information about the wait time for each task.,Which participant has the shortest average wait time?,The participant with the shortest average wait time is Mary.,Productivity
The number of shortcut keys used can be an indication of the participant's familiarity with the applications used.,Which participant uses the most shortcut keys on average?,The participant who uses the most shortcut keys on average is John.,Productivity
The dataset contains information about tasks performed by different participants. This includes the 'turnaround_time' and 'processing_time' which can be used to determine participant productivity.,"Who has the best ratio of processing time to turnaround time, indicating higher productivity?",The participant with the best ratio of processing time to turnaround time is Mary.,Productivity
The dataset includes the number of keystrokes made by the participants during each task. Comparing this with the processing time can give an insight into the speed of the participant.,Which participant has the highest average keystrokes per minute?,The participant with the highest average keystrokes per minute is Steve.,Productivity
Considering the processing time and the applications used by a participant for a task can give insights into the participant's ability to multitask.,Who has the shortest processing time per application used?,The participant with the shortest processing time per application used is John.,Productivity
The wait time can potentially indicate the participant's efficiency. Comparing this with the turnaround time can give insights into the participant's productivity.,Which participant has the lowest ratio of wait time to turnaround time?,The participant with the lowest ratio of wait time to turnaround time is Mary.,Productivity
The dataset includes the 'case_type' field. Comparing the number of each type of cases handled by a participant can give insights into their productivity in different areas.,Which participant has handled the most 'policy_renewal' cases?,The participant who has handled the most 'policy_renewal' cases is John.,Productivity
The 'process_variant' field might indicate the complexity of the task being performed. Comparing this with the processing time can give insights into the participant's productivity.,Which participant has the shortest processing time for complex tasks (high process variant)?,The participant with the shortest processing time for complex tasks is Steve.,Productivity
The start times of tasks can give an insight into the participant's work schedule. Comparing this with the number of tasks completed can give insights into their productivity.,Who has completed the most tasks before noon?,The participant who has completed the most tasks before noon is John.,Productivity
The dataset includes the number of shortcut keys used by the participants during each task. Comparing this with the processing time can give an insight into the speed of the participant.,Which participant has the highest average use of shortcut keys per minute?,The participant with the highest average use of shortcut keys per minute is Steve.,Productivity
"The 'turnaround_time' field refers to the total time taken for a task, including both processing and wait times. Comparing this with the number of applications used can give insights into the participant's productivity.",Which participant has the shortest turnaround time per application used?,The participant with the shortest turnaround time per application used is Mary.,Productivity
The 'case_status' field can give insights into the participant's efficiency. Comparing the number of 'completed' cases with the total number of cases handled by a participant can give insights into their productivity.,Which participant has the highest ratio of 'completed' cases to total cases?,The participant with the highest ratio of 'completed' cases to total cases is John.,Productivity
The 'processing_time' and 'turnaround_time' fields in the dataset can be used to compute the idle time (wait time) for each participant. This can give insights into potential inefficiencies in the workflow.,Which participant has the highest idle time relative to their total work hours?,The participant with the highest idle time relative to their total work hours is Steve.,Productivity
"The dataset contains information on the tasks performed by different participants, including the 'applications' used for each task. The number of applications used for a task might indicate its complexity.",Who has handled the most complex tasks (measured by the number of applications used)?,The participant who has handled the most complex tasks is John.,Productivity
The 'processing_time' field refers to the time taken by a participant to complete a task. A significant increase in processing time for a participant could indicate a decrease in productivity.,Who had the largest increase in average processing time in the last week compared to the previous week?,The participant with the largest increase in average processing time in the last week compared to the previous week is Mary.,Productivity
The 'case_id' field can give insights into the number of tasks handled by each participant. A decrease in the number of tasks handled by a participant could indicate a decrease in productivity.,Who had the largest decrease in the number of tasks handled in the last week compared to the previous week?,The participant with the largest decrease in the number of tasks handled in the last week compared to the previous week is Steve.,Productivity
The 'case_type' field might indicate the nature of the task performed. Some tasks might require more effort and hence a longer 'processing_time'.,Which participant is the most efficient (lowest processing time) for 'policy_cancellation' tasks?,The participant who is the most efficient for 'policy_cancellation' tasks is John.,Productivity
The dataset contains information about tasks performed by different participants. The 'case_id' and 'start_time' fields can be used to determine the frequency of tasks performed by each participant.,Who has the highest frequency of tasks performed during peak business hours (9 AM - 5 PM)?,The participant with the highest frequency of tasks performed during peak business hours is Mary.,Productivity
The 'processing_time' field refers to the time taken by a participant to complete a task. Comparing the processing time for the same task performed by different participants can give insights into their productivity.,Who has the shortest average processing time for the task 'update_customer_information'?,The participant with the shortest average processing time for the task 'update_customer_information' is Steve.,Productivity
The 'case_status' field can give insights into the productivity of participants. The number of 'closed' cases compared to 'open' cases might indicate the efficiency of a participant.,Who has the highest ratio of 'closed' cases to 'open' cases?,The participant with the highest ratio of 'closed' cases to 'open' cases is John.,Productivity
The dataset contains information about tasks performed by different participants. The 'no_of_keystrokes' and 'no_of_shortcut_keys' fields might give insights into the productivity of participants.,Who has the highest ratio of 'no_of_shortcut_keys' to 'no_of_keystrokes'?,The participant with the highest ratio of 'no_of_shortcut_keys' to 'no_of_keystrokes' is Mary.,Productivity
The 'processing_time' and 'turnaround_time' fields in the dataset can be used to compute the total time spent on tasks by each participant. This can give insights into their productivity.,Who spent the most total time on tasks in the last week?,The participant who spent the most total time on tasks in the last week is Steve.,Productivity
"The 'processing_time' field provides the duration of time each participant spends on a task. This, combined with an assumed hourly wage for each participant, can be used to estimate the cost of each task.",What is the estimated cost of the 'policy_cancellation' task based on an average hourly wage of $20?,The estimated cost of the 'policy_cancellation' task based on an average hourly wage of $20 is $25.,Unit Cost Analysis
"The 'processing_time' and 'applications' fields can be used to estimate the cost of using specific applications for tasks. Assuming an average hourly wage and a cost for each application, we can estimate this cost.",What is the estimated cost of using 'excel' for 'update_customer_information' task based on an average hourly wage of $20 and application cost of $5?,The estimated cost of using 'excel' for 'update_customer_information' task based on an average hourly wage of $20 and application cost of $5 is $30.,Unit Cost Analysis
"The 'case_type' field can give insights into the cost of handling different types of cases. Combining this with the 'processing_time' field and an assumed hourly wage, we can estimate the cost of each case type.",What is the estimated cost of handling 'policy_renewal' cases based on an average hourly wage of $20?,The estimated cost of handling 'policy_renewal' cases based on an average hourly wage of $20 is $40.,Unit Cost Analysis
"The 'processing_time' field and the 'participant_id' field can be used to estimate the cost of a participant's work. Using an assumed hourly wage, we can estimate the cost of each participant's work.",What is the estimated cost of Steve's work based on an average hourly wage of $20?,The estimated cost of Steve's work based on an average hourly wage of $20 is $600.,Unit Cost Analysis
"The 'processing_time' field and the 'case_id' field can be used to estimate the cost of handling each case. Using an assumed hourly wage, we can estimate the cost of each case.",What is the estimated cost of handling case 'A' based on an average hourly wage of $20?,The estimated cost of handling case 'A' based on an average hourly wage of $20 is $50.,Unit Cost Analysis
The dataset contains information about tasks performed by different participants. The 'processing_time' field and an assumed hourly wage can be used to estimate the cost of tasks performed during different times of the day.,What is the estimated cost of tasks performed during peak business hours (9 AM - 5 PM) based on an average hourly wage of $20?,The estimated cost of tasks performed during peak business hours (9 AM - 5 PM) based on an average hourly wage of $20 is $1000.,Unit Cost Analysis
"The 'processing_time' field and the 'participant_id' field can be used to estimate the cost of a participant's work. Using an assumed hourly wage, we can estimate the cost of each participant's work.",Who has the highest estimated work cost based on an average hourly wage of $20?,The participant with the highest estimated work cost based on an average hourly wage of $20 is John.,Unit Cost Analysis
"The 'processing_time' field and the 'participant_id' field can be used to estimate the cost of a participant's work. Using an assumed hourly wage, we can estimate the cost of each participant's work.",Who has the lowest estimated work cost based on an average hourly wage of $20?,The participant with the lowest estimated work cost based on an average hourly wage of $20 is Mary.,Unit Cost Analysis
The 'processing_time' and 'wait_time' fields can give insights into the efficiency of the workflow. A high wait time relative to processing time could indicate inefficiencies.,"Which case has the highest ratio of 'wait_time' to 'processing_time', indicating potential inefficiency?","The case with the highest ratio of 'wait_time' to 'processing_time', indicating potential inefficiency, is case 'G'.",Unit Cost Analysis
The dataset provides insights into the efficiency of the workflow. The 'processing_time' field can be used to determine which tasks take the longest time to complete.,Which task has the longest 'processing_time'?,The task with the longest 'processing_time' is 'policy_renewal'.,Unit Cost Analysis
The 'process_variant' field indicates the type of process undertaken for a case. Some process variants might be more common than others.,Which process variant is the most common in our dataset?,Process variant 3 is the most common in our dataset.,Process Variablility
Each 'process_name' field indicates the specific process being undertaken. There may be variability in the number of times each process is executed.,Which process_name is least common in our dataset?,The 'policy_registration' process is the least common in our dataset.,Process Variablility
Variability in the 'processing_time' field might indicate inconsistent handling times for tasks.,Which task has the most variability in 'processing_time'?,The 'policy_update' task has the most variability in 'processing_time'.,Process Variablility
"Different 'participant_id' may have variability in how they handle cases, visible in the 'processing_time' field.",Which participant has the most variability in their case 'processing_time'?,The participant 'Steve' has the most variability in their case 'processing_time'.,Process Variablility
The 'case_type' field may show variability in how different types of cases are handled.,Which 'case_type' shows the most variability in 'processing_time'?,The 'case_type' 'policy_cancellation' shows the most variability in 'processing_time'.,Process Variablility
The 'wait_time' field can indicate process inefficiencies. Variability in 'wait_time' can point to inconsistency in process flow.,Which task has the highest variability in 'wait_time'?,The task 'policy_update' has the highest variability in 'wait_time'.,Process Variablility
The 'start_time' field can indicate process consistency. High variability in start times for a task may point to scheduling issues.,Which task has the most variability in 'start_time'?,The task 'policy_cancellation' has the most variability in 'start_time'.,Process Variablility
The 'applications' used can show variability in technology utilization. Different tasks might use different applications.,Which task has the most variability in the 'applications' used?,The 'policy_renewal' task has the most variability in the 'applications' used.,Process Variablility
The 'no_of_keystrokes' field may show variability in data input effort. Different tasks might require different numbers of keystrokes.,Which task has the highest variability in the 'no_of_keystrokes'?,The 'update_customer_information' task has the highest variability in the 'no_of_keystrokes'.,Process Variablility
The 'turnaround_time' field can indicate process efficiency. High variability in 'turnaround_time' for a task may point to inconsistencies.,Which task has the most variability in 'turnaround_time'?,The task 'policy_renewal' has the most variability in 'turnaround_time'.,Process Variablility
The 'process_name' field can indicate the sequence of processes within a case. Understanding this sequence can help map out the process flow.,What is the typical process sequence for 'policy_renewal' cases?,The typical process sequence for 'policy_renewal' cases is: 'data_verification' -> 'update_customer_information' -> 'policy_renewal'.,Process Map
Different 'process_variants' may follow different process sequences. This can provide insight into process variation.,How does the process sequence differ for process variant 2 and 3?,"For process variant 2, the sequence is 'data_verification' -> 'policy_renewal'. For process variant 3, the sequence is 'data_verification' -> 'update_customer_information' -> 'policy_renewal'.",Process Map
Participants may handle tasks in a different sequence. This can provide insight into individual working styles.,How does the task sequence differ for participant 'Amy' and 'Steve'?,"For 'Amy', the task sequence is 'data_verification' -> 'policy_renewal'. For 'Steve', the task sequence is 'data_verification' -> 'update_customer_information' -> 'policy_renewal'.",Process Map
Different 'case_types' may have different process sequences. Understanding these sequences can help in mapping out process flow.,What is the typical process sequence for 'policy_registration' cases?,The typical process sequence for 'policy_registration' cases is: 'data_verification' -> 'policy_registration'.,Process Map
The 'start_time' field can provide insight into process timing. This can help in mapping out the timing aspect of the process flow.,What is the typical start time for 'data_verification' tasks?,The typical start time for 'data_verification' tasks is around 8:00 AM.,Process Map
The 'processing_time' field can provide insight into process duration. This can help in mapping out the timing aspect of the process flow.,What is the typical processing time for 'policy_renewal' tasks?,The typical processing time for 'policy_renewal' tasks is around 200 seconds.,Process Map
The 'wait_time' field can provide insight into process inefficiencies. This can help in identifying bottlenecks in the process flow.,What is the typical wait time between 'data_verification' and 'policy_renewal' tasks?,The typical wait time between 'data_verification' and 'policy_renewal' tasks is around 100 seconds.,Process Map
The 'turnaround_time' field can provide insight into process efficiency. This can help in mapping out the timing aspect of the process flow.,What is the typical turnaround time for 'policy_cancellation' tasks?,The typical turnaround time for 'policy_cancellation' tasks is around 300 seconds.,Process Map
The 'applications' field can provide insight into the technological aspects of the process flow. Understanding which applications are used for which tasks can help in mapping out the process.,Which application is typically used for 'data_verification' tasks?,The 'oracle' application is typically used for 'data_verification' tasks.,Process Map
The 'no_of_keystrokes' and 'no_of_shortcut_keys' fields can provide insight into the effort required for each task. This can help in understanding the effort aspect of the process flow.,What is the typical number of keystrokes for 'policy_renewal' tasks?,The typical number of keystrokes for 'policy_renewal' tasks is around 60.,Process Map
"Different 'participants' might have different 'processing_times' for the same task. By comparing these times, we can identify more efficient workers.","Who completes 'data_verification' tasks faster, 'Amy' or 'Steve'?",'Amy' completes 'data_verification' tasks faster than 'Steve'.,Comparison Analysis
Different 'case_types' might have different 'turnaround_times'. Comparing these times can help identify which case types are processed faster.,"Which case type typically has a faster turnaround time, 'policy_renewal' or 'policy_registration'?",'policy_renewal' cases typically have a faster turnaround time than 'policy_registration' cases.,Comparison Analysis
Different 'applications' might require different amounts of 'keystrokes'. Comparing these amounts can provide insights into the user-friendliness of the applications.,"Which application typically requires fewer keystrokes, 'excel' or 'oracle'?",'excel' typically requires fewer keystrokes than 'oracle'.,Comparison Analysis
"Different 'process_variants' might have different 'wait_times'. By comparing these times, we can identify potential bottlenecks in the processes.","Which process variant typically has a shorter wait time, process variant 2 or 3?",Process variant 2 typically has a shorter wait time than process variant 3.,Comparison Analysis
"Different 'tasks' might have different 'start_times'. By comparing these times, we can identify the sequence in which tasks are typically carried out.","Which task typically starts earlier, 'data_verification' or 'policy_renewal'?",'data_verification' tasks typically start earlier than 'policy_renewal' tasks.,Comparison Analysis
"Different 'participants' might have different numbers of 'shortcut_keys'. By comparing these numbers, we can identify who is more adept at using keyboard shortcuts.","Who typically uses more shortcut keys, 'Amy' or 'Steve'?",'Amy' typically uses more shortcut keys than 'Steve'.,Comparison Analysis
"Different 'case_statuses' might have different 'turnaround_times'. By comparing these times, we can identify which case statuses are more time-consuming.","Which case status typically has a longer turnaround time, 'open' or 'closed' cases?",'closed' cases typically have a longer turnaround time than 'open' cases.,Comparison Analysis
"Different 'process_names' might have different 'processing_times'. By comparing these times, we can identify which processes are more time-consuming.","Which process typically takes longer to complete, 'data_verification' or 'policy_renewal'?",'policy_renewal' typically takes longer to complete than 'data_verification'.,Comparison Analysis
"Different 'case_ids' might have different 'wait_times'. By comparing these times, we can identify potential inefficiencies in specific cases.","Which case typically has a shorter wait time, case A or case B?",Case A typically has a shorter wait time than case B.,Comparison Analysis
"Different 'applications' might be used at different 'start_times'. By comparing these times, we can identify the usage pattern of the applications.","Which application typically starts being used earlier in the day, 'excel' or 'outlook'?",'outlook' typically starts being used earlier in the day than 'excel'.,Comparison Analysis
The 'wait_time' and 'processing_time' for tasks can provide insights into potential bottlenecks in the process. A long 'wait_time' before a task indicates a bottleneck at that task.,What task has the longest 'wait_time'?,The 'data_verification' task has the longest 'wait_time'.,Bottleneck Analysis
"If a 'participant' consistently has a long 'processing_time', they may be a bottleneck in the process.",Which participant has the longest average 'processing_time'?,'Steve' has the longest average 'processing_time'.,Bottleneck Analysis
"A large number of 'keystrokes' may indicate a complicated task, which could be a bottleneck in the process.",What task requires the most 'keystrokes'?,The 'policy_renewal' task requires the most 'keystrokes'.,Bottleneck Analysis
A 'case_type' with a long 'turnaround_time' may indicate a bottleneck in the process.,Which 'case_type' has the longest 'turnaround_time'?,'policy_registration' cases have the longest 'turnaround_time'.,Bottleneck Analysis
"If a 'process_name' consistently has a long 'wait_time', it may be a bottleneck in the process.",Which 'process_name' has the longest average 'wait_time'?,The 'call_resolution' process has the longest average 'wait_time'.,Bottleneck Analysis
The number of 'shortcut_keys' used in a task may indicate the task's complexity. A task with few 'shortcut_keys' could be a bottleneck.,Which task uses the fewest 'shortcut_keys'?,The 'data_entry' task uses the fewest 'shortcut_keys'.,Bottleneck Analysis
"If a 'process_variant' consistently has a long 'turnaround_time', it may be a bottleneck in the process.",Which 'process_variant' has the longest 'turnaround_time'?,Process variant 3 has the longest 'turnaround_time'.,Bottleneck Analysis
"If a 'participant' consistently has a long 'wait_time', they may be waiting on other tasks to complete and could be a bottleneck in the process.",Which participant has the longest average 'wait_time'?,'Amy' has the longest average 'wait_time'.,Bottleneck Analysis
A 'case_status' with a long 'turnaround_time' may indicate a bottleneck in the process.,Which 'case_status' has the longest 'turnaround_time'?,'closed' cases have the longest 'turnaround_time'.,Bottleneck Analysis
The 'processing_time' for tasks in a specific 'application' can provide insights into potential bottlenecks. A long 'processing_time' indicates a bottleneck.,What application has the longest 'processing_time'?,'oracle' has the longest 'processing_time'.,Bottleneck Analysis
Participants should adhere to the standard procedure for each process. The 'processing_time' can reveal deviations from the standard.,Who had the longest average 'processing_time' for the 'policy_renewal' task?,The participant 'Amy' had the longest average 'processing_time' for the 'policy_renewal' task.,Conformance Analysis
Different process variants might be more effective for different tasks. Monitoring 'process_variant' performance can ensure conformance.,Which 'process_variant' had the shortest 'turnaround_time' for the 'data_verification' task?,Process variant 2 had the shortest 'turnaround_time' for the 'data_verification' task.,Conformance Analysis
Adherence to 'shortcut_keys' usage can also be a measure of conformance. Participants deviating significantly might not be conforming to standards.,Who used the least number of 'shortcut_keys' in the 'data_entry' task?,The participant 'John' used the least number of 'shortcut_keys' in the 'data_entry' task.,Conformance Analysis
Participants should try to minimize 'wait_time' in their tasks to improve efficiency. Significant 'wait_time' might indicate non-conformance.,Who had the longest 'wait_time' for the 'call_resolution' task?,The participant 'Amy' had the longest 'wait_time' for the 'call_resolution' task.,Conformance Analysis
Participants should try to adhere to standard 'keystrokes' for tasks. More 'keystrokes' might indicate non-conformance.,Who had the highest number of 'keystrokes' for the 'policy_registration' task?,The participant 'Steve' had the highest number of 'keystrokes' for the 'policy_registration' task.,Conformance Analysis
Certain participants may greatly influence the 'turnaround_time' due to their efficiency or inefficiency.,Who had the most significant effect on reducing 'turnaround_time'?,The participant 'Kate' had the most significant effect on reducing 'turnaround_time'.,Key Influencer Analysis
Different tasks might be influencing the overall 'processing_time' in different ways.,Which task most significantly increased the 'processing_time'?,The task 'data_verification' most significantly increased the 'processing_time'.,Key Influencer Analysis
The 'applications' used might be influencing the 'keystrokes' and 'shortcut_keys' usage.,Which application had the most significant effect on increasing 'shortcut_keys' usage?,The application 'Oracle' had the most significant effect on increasing 'shortcut_keys' usage.,Key Influencer Analysis
The 'process_variant' might be influencing the 'wait_time' differently for different tasks.,Which 'process_variant' most significantly reduced the 'wait_time' for the 'call_resolution' task?,Process variant 3 most significantly reduced the 'wait_time' for the 'call_resolution' task.,Key Influencer Analysis
The 'case_type' might be influencing the 'turnaround_time' differently.,Which 'case_type' most significantly increased the 'turnaround_time'?,The case type 'policy_renewal' most significantly increased the 'turnaround_time'.,Key Influencer Analysis
Handoff between different participants in the process can often be a source of delays and errors.,Who were the top three participants in terms of the number of handoffs?,"The top three participants in terms of the number of handoffs were 'Kate', 'Jules', and 'James'.",Handover Analysis
Some handoffs might be more time-consuming than others due to the complexity of the tasks involved.,What were the three most time-consuming handoffs?,"The three most time-consuming handoffs were from 'claim_verification' to 'data_entry', 'data_entry' to 'policy_validation', and 'policy_validation' to 'claim_resolution'.",Handover Analysis
Identifying frequent handoffs can help in optimizing the process.,What were the three most frequent handoffs?,"The three most frequent handoffs were 'claim_verification' to 'data_entry', 'data_entry' to 'policy_validation', and 'policy_validation' to 'claim_resolution'.",Handover Analysis
The time taken in handoffs might be influenced by the 'case_type'.,Which 'case_type' had the longest average time in handoffs?,The 'case_type' 'policy_renewal' had the longest average time in handoffs.,Handover Analysis
The 'process_variant' might influence the number of handoffs.,Which 'process_variant' had the most number of handoffs?,The 'process_variant' 3 had the most number of handoffs.,Handover Analysis
Statistical process control involves monitoring process performance over time to detect shifts in process mean or increase in variability.,Is there a noticeable shift in the process mean processing time over the past few days?,"Yes, there appears to be a noticeable upward shift in the process mean processing time over the past few days.",Statistical Process Control
A stable process should not have too many points beyond control limits.,Are there any points beyond the control limits in processing time?,"Yes, there are several points beyond the control limits in processing time, suggesting an unstable process.",Statistical Process Control
Processes exhibiting non-random patterns are considered 'out of control' in statistical process control.,Is there a non-random pattern such as a trend or cycles in the processing time?,"Yes, there appears to be an increasing trend in the processing time over the past few days.",Statistical Process Control
The variability in process performance can be quantified using standard deviation.,What is the standard deviation of processing time for 'policy_cancellation' case_type?,The standard deviation of processing time for 'policy_cancellation' case_type is around 20 minutes.,Statistical Process Control
Identifying processes with high variability can help in process optimization.,Which process has the highest variability in processing time?,The process 'claim_resolution' has the highest variability in processing time.,Statistical Process Control
An understanding of future demand is essential for effective capacity planning.,What is the projected demand for 'claim_resolution' case_type in the next week?,The projected demand for 'claim_resolution' case_type in the next week is around 300 cases.,Capacity planning
Variant analysis refers to the study of different versions of a process that occur in practice.,What are the different variants observed in the 'policy_renewal' process?,"Three different variants are observed in the 'policy_renewal' process, differing in the sequence of tasks.",Variant Analysis
A deep understanding of process variants can help in identifying the most efficient version.,Which variant of the 'policy_cancellation' process is the most efficient?,"Variant 2 of the 'policy_cancellation' process, involving the tasks 'policy_check', 'customer_notification', and 'policy_termination', is the most efficient.",Variant Analysis
The frequency of occurrence of a variant can indicate its significance in the process.,Which is the most common variant of the 'claim_resolution' process?,"The most common variant of the 'claim_resolution' process is Variant 1, involving the tasks 'claim_verification', 'claim_adjudication', and 'claim_settlement'.",Variant Analysis
Uncommon variants may point towards non-standardized execution of the process.,Are there any uncommon variants in the 'policy_renewal' process?,"Yes, Variant 3 of the 'policy_renewal' process, involving an additional 'policy_verification' task, is an uncommon variant.",Variant Analysis
Certain variants may be more prone to errors and rework.,Is there a variant of the 'claim_resolution' process that often leads to rework?,"Yes, Variant 2 of the 'claim_resolution' process, where 'claim_verification' is performed after 'claim_adjudication', often leads to rework.",Variant Analysis
Automation potential can be analyzed by examining tasks with low cognitive complexity and high frequency.,What tasks in the 'policy_renewal' process have high automation potential?,The 'update_customer_information' and 'policy_renewal_request' tasks in the 'policy_renewal' process have high automation potential due to their repetitive nature and low cognitive complexity.,Automation Discovery
Automation can lead to significant time and cost savings.,Which processes have the highest automation potential and could bring the most savings?,The 'policy_renewal' and 'policy_cancellation' processes have the highest automation potential due to the repetitiveness of their tasks and could bring the most savings.,Automation Discovery
Tasks involving high keystrokes and shortcut keys are good candidates for automation.,Are there tasks with high keystrokes and shortcut keys indicating good automation potential?,"Yes, the 'claim_adjudication' and 'policy_verification' tasks have high keystrokes and shortcut keys indicating good automation potential.",Automation Discovery
Automation can also be considered for tasks that involve interaction with standard applications.,What tasks interacting with standard applications like 'excel' or 'outlook' have automation potential?,"The 'policy_renewal_request' and 'policy_termination' tasks, which involve interaction with 'excel' and 'outlook', have automation potential.",Automation Discovery
Tasks with low variability and high volume are suitable for automation.,Are there tasks with low variability and high volume indicating suitability for automation?,"Yes, the 'update_customer_information' task has low variability and high volume, making it a good candidate for automation.",Automation Discovery
Tasks that have high frequency and high manual workload can benefit from automation.,Which high-frequency tasks with high manual workloads can benefit from automation?,High-frequency tasks such as 'update_customer_information' and 'claim_review' that have high manual workloads can benefit from automation.,Automation Discovery
Tasks that involve many applications but have a short turnaround time may have automation potential that is not immediately evident.,"Which tasks involve multiple applications but have a short turnaround time, suggesting hidden automation potential?","The task 'update_policy_details' involves multiple applications but has a short turnaround time, indicating a potential for automation that may not be immediately apparent.",Automation Discovery
Tasks with high manual workloads but low participant engagement may be candidates for automation.,"Which tasks have high manual workloads but low participant engagement, indicating potential for automation?","Tasks like 'document_preparation' and 'policy_verification' show high manual workloads but low participant engagement, suggesting potential for automation.",Automation Discovery
Tasks with high wait times but low processing times might be automated to reduce total task duration.,"Which tasks have high wait times but low processing times, suggesting potential for automation to reduce total task duration?","Tasks like 'claim_approval' and 'claim_settlement' have high wait times but low processing times, suggesting potential for automation.",Automation Discovery
Analysing the participants who handle the most tasks could provide insight into productivity.,"Which participants handle the most tasks, suggesting high productivity?","Participants 'marcus', 'james', and 'elaine' handle the most tasks, indicating high productivity.",Productivity
Participants who handle a high variety of tasks might be indicative of high productivity.,"Which participants handle a high variety of tasks, suggesting high productivity?","Participants 'elaine', 'marcus', and 'james' handle a high variety of tasks, suggesting high productivity.",Productivity
Analysing the times when tasks are completed could provide insight into peak productivity hours.,"During which hours are the most tasks completed, suggesting peak productivity?","Most tasks are completed between 10AM and 2PM, suggesting these hours as peak productivity.",Productivity
,,,